<?xml version="1.0" encoding="utf-8"?>
<extension type="component" version="2.5.0" method="upgrade">
  <name>COM_IMMOBROWSE</name>
  <!-- The following elements are optional and free of formatting constraints -->
  <creationDate>May 2017</creationDate>
  <author>HOMEINFO - Digitale Informationssysteme GmbH</author>
  <authorEmail>info@homeinfo.de</authorEmail>
  <authorUrl>http://www.example.org</authorUrl>
  <copyright>2017 HOMEINFO - Digitale Informationssysteme GmbH</copyright>
  <license>GPL v.3</license>
  <!--  The version string is recorded in the components table -->
  <version>0.0.1</version>
  <!-- The description is optional and defaults to the name -->
  <description>COM_IMMOBROWSE_DESCRIPTION</description>

  <!-- Site Main File Copy Section -->
  <!-- Note the folder attribute: This attribute describes the folder
    to copy FROM in the package to install therefore files copied
    in this section are copied from /site/ in the package -->
  <files folder="site">
    <filename>index.html</filename>
    <filename>immobrowse.php</filename>
    <filename>controller.php</filename>
    <folder>views</folder>
    <folder>models</folder>
  </files>

  <administration>
    <menu>COM_IMMOBROWSE_MENU</menu>
    <languages folder="language">
      <language tag="de-DE">de-DE/de-DE.com_immobrowse.ini</language>
      <language tag="de-DE">de-DE/de-DE.com_immobrowse.sys.ini</language>
    </languages>
  </administration>
</extension>
