<?xml version="1.0" encoding="utf-8"?>
<extension type="component" version="2.5.0" method="upgrade">
  <name>COM_IMMOBROWSE</name>
  <!-- The following elements are optional and free of formatting constraints -->
  <creationDate>May 2017</creationDate>
  <author>HOMEINFO - Digitale Informationssysteme GmbH</author>
  <authorEmail>info@homeinfo.de</authorEmail>
  <authorUrl>http://www.example.org</authorUrl>
  <copyright>2017 HOMEINFO - Digitale Informationssysteme GmbH</copyright>
  <license>GPL v.3</license>
  <!--  The version string is recorded in the components table -->
  <version>0.4.5</version>
  <!-- The description is optional and defaults to the name -->
  <description>COM_IMMOBROWSE_DESCRIPTION</description>

  <install> <!-- Runs on install -->
    <sql>
      <file driver="mysql" charset="utf8">sql/install.mysql.utf8.sql</file>
    </sql>
  </install>
  <uninstall> <!-- Runs on uninstall -->
    <sql>
      <file driver="mysql" charset="utf8">sql/uninstall.mysql.utf8.sql</file>
    </sql>
  </uninstall>
  <update> <!-- Runs on update; New in 2.5 -->
    <schemas>
      <schemapath type="mysql">sql/updates/mysql</schemapath>
    </schemas>
  </update>

  <!-- Site Main File Copy Section -->
  <!-- Note the folder attribute: This attribute describes the folder
    to copy FROM in the package to install therefore files copied
    in this section are copied from /site/ in the package -->
  <files folder="site">
    <filename>index.html</filename>
    <filename>immobrowse.php</filename>
    <filename>controller.php</filename>
    <folder>views</folder>
    <folder>models</folder>
    <folder>language</folder>
  </files>

  <administration>
    <!-- Administration Menu Section -->
    <menu>ImmoBrowse</menu>
    <!-- Administration Main File Copy Section -->
    <!-- Note the folder attribute: This attribute describes the folder
      to copy FROM in the package to install therefore files copied
      in this section are copied from /admin/ in the package -->
    <files folder="admin">
      <!-- Admin Main File Copy Section -->
      <filename>index.html</filename>
      <filename>immobrowse.php</filename>
      <filename>controller.php</filename>
      <!-- SQL files section -->
      <folder>sql</folder>
      <!-- tables files section -->
      <folder>tables</folder>
      <!-- models files section -->
      <folder>models</folder>
      <!-- views files section -->
      <folder>views</folder>
      <!-- controllers files section -->
      <folder>controllers</folder>
    </files>
    <languages folder="admin">
      <language tag="de-DE">language/de-DE/de-DE.com_immobrowse.ini</language>
      <language tag="de-DE">language/de-DE/de-DE.com_immobrowse.sys.ini</language>
    </languages>
  </administration>
</extension>
